,date,DEVICE,OS,IS_LOGGEDIN,videos_regardes_sup90,videos_contenu_sup90,total_videos_vues,total_vues_loguees
0,2024-06-16,Desktop,Android,0,1,1,1,0
1,2024-06-16,Desktop,Chrome OS,0,1,1,1,0
2,2024-06-16,Desktop,Chrome OS,1,1,1,1,1
3,2024-06-16,Desktop,Linux,0,2,4,4,0
4,2024-06-16,Desktop,Linux,1,1,1,1,1
5,2024-06-16,Desktop,Windows,0,33,71,72,0
6,2024-06-16,Desktop,Windows,1,15,26,30,30
7,2024-06-16,Desktop,macOS,0,7,15,16,0
8,2024-06-16,Desktop,macOS,1,6,11,12,12
9,2024-06-16,Mobile Phone,Android,0,208,494,516,0
10,2024-06-16,Mobile Phone,Android,1,51,77,98,98
11,2024-06-16,Mobile Phone,iOS,0,80,202,211,0
12,2024-06-16,Mobile Phone,iOS,1,38,68,79,79
13,2024-06-16,TABLETTE,Android,1,1,1,1,1
14,2024-06-16,Tablet,Android,0,14,39,44,0
15,2024-06-16,Tablet,Android,1,14,23,30,30
16,2024-06-16,Tablet,iOS,0,6,13,13,0
17,2024-06-16,Tablet,iOS,1,17,35,40,40
18,2024-06-16,Tablet,iPadOS,0,12,21,21,0
19,2024-06-16,smart-tv,allwinner,1,0,1,1,1
20,2024-06-16,smart-tv,amazon,0,3,48,115,0
21,2024-06-16,smart-tv,amazon,1,1,55,185,185
22,2024-06-16,smart-tv,apple,0,14,67,130,0
23,2024-06-16,smart-tv,apple,1,18,14,83,83
24,2024-06-16,smart-tv,arcelik,0,0,1,1,0
25,2024-06-16,smart-tv,askey,0,0,1,2,0
26,2024-06-16,smart-tv,askey,1,0,3,6,6
27,2024-06-16,smart-tv,atvse,0,0,1,1,0
28,2024-06-16,smart-tv,changhong,0,0,5,9,0
29,2024-06-16,smart-tv,changhong,1,2,4,12,12
30,2024-06-16,smart-tv,chengdu,0,0,1,3,0
31,2024-06-16,smart-tv,chengdu,1,0,1,4,4
32,2024-06-16,smart-tv,cvt,1,0,1,1,1
33,2024-06-16,smart-tv,droidlogic,1,1,0,1,1
34,2024-06-16,smart-tv,expressluck,0,1,5,12,0
35,2024-06-16,smart-tv,expressluck,1,2,11,25,25
36,2024-06-16,smart-tv,fengmi,1,1,0,3,3
37,2024-06-16,smart-tv,formuler,0,0,0,1,0
38,2024-06-16,smart-tv,google,0,8,36,82,0
39,2024-06-16,smart-tv,google,1,21,60,166,166
40,2024-06-16,smart-tv,hisense,0,0,27,46,0
41,2024-06-16,smart-tv,hisense,1,6,33,87,87
42,2024-06-16,smart-tv,hkc,0,0,0,1,0
43,2024-06-16,smart-tv,jiuzhou,0,0,0,2,0
44,2024-06-16,smart-tv,jiuzhou,1,0,0,1,1
45,2024-06-16,smart-tv,konka,0,0,0,2,0
46,2024-06-16,smart-tv,konka,1,0,3,4,4
47,2024-06-16,smart-tv,ktc,1,1,0,2,2
48,2024-06-16,smart-tv,lg,0,2,24,53,0
49,2024-06-16,smart-tv,lg,1,5,38,97,97
50,2024-06-16,smart-tv,mbox,0,0,1,1,0
51,2024-06-16,smart-tv,mediatek,0,0,0,1,0
52,2024-06-16,smart-tv,mediatek,1,1,1,2,2
53,2024-06-16,smart-tv,mtc,0,0,0,2,0
54,2024-06-16,smart-tv,mtc,1,0,6,14,14
55,2024-06-16,smart-tv,mtk,1,0,0,1,1
56,2024-06-16,smart-tv,my,0,1,5,10,0
57,2024-06-16,smart-tv,my,1,4,12,25,25
58,2024-06-16,smart-tv,nvidia,0,1,0,2,0
59,2024-06-16,smart-tv,nvidia,1,3,5,17,17
60,2024-06-16,smart-tv,other,1,0,3,5,5
61,2024-06-16,smart-tv,philips,0,0,1,5,0
62,2024-06-16,smart-tv,philips,1,0,8,22,22
63,2024-06-16,smart-tv,samsung,0,23,88,196,0
64,2024-06-16,smart-tv,samsung,1,49,106,309,309
65,2024-06-16,smart-tv,scbc,1,0,1,6,6
66,2024-06-16,smart-tv,sdmc,0,0,1,3,0
67,2024-06-16,smart-tv,sdmc,1,0,1,3,3
68,2024-06-16,smart-tv,sei,0,0,1,2,0
69,2024-06-16,smart-tv,sei,1,1,0,5,5
70,2024-06-16,smart-tv,sharp,0,0,2,4,0
71,2024-06-16,smart-tv,sharp,1,0,0,1,1
72,2024-06-16,smart-tv,skyworthdigital,0,0,0,3,0
73,2024-06-16,smart-tv,skyworthdigital,1,2,3,8,8
74,2024-06-16,smart-tv,smartphone,1,0,1,2,2
75,2024-06-16,smart-tv,sony,0,0,3,9,0
76,2024-06-16,smart-tv,sony,1,7,13,47,47
77,2024-06-16,smart-tv,tcl,0,8,27,75,0
78,2024-06-16,smart-tv,tcl,1,14,48,153,153
79,2024-06-16,smart-tv,tpv,0,1,3,15,0
80,2024-06-16,smart-tv,tpv,1,1,9,22,22
81,2024-06-16,smart-tv,vestel,0,0,1,1,0
82,2024-06-16,smart-tv,vestel,1,1,5,13,13
83,2024-06-16,smart-tv,xgimi,0,0,0,1,0
84,2024-06-16,smart-tv,xgimi,1,1,1,5,5
85,2024-06-16,smart-tv,xiaomi,0,4,20,52,0
86,2024-06-16,smart-tv,xiaomi,1,12,25,78,78
87,2024-06-17,DESKTOP,Android,0,0,1,1,0
88,2024-06-17,Desktop,Android,1,0,2,2,2
89,2024-06-17,Desktop,Chrome OS,0,1,3,3,0
90,2024-06-17,Desktop,Linux,0,2,5,5,0
91,2024-06-17,Desktop,Windows,0,32,66,67,0
92,2024-06-17,Desktop,Windows,1,15,29,30,30
93,2024-06-17,Desktop,macOS,0,5,20,21,0
94,2024-06-17,Desktop,macOS,1,2,5,6,6
95,2024-06-17,Mobile Phone,Android,0,202,453,515,0
96,2024-06-17,Mobile Phone,Android,1,61,113,136,136
97,2024-06-17,Mobile Phone,iOS,0,116,227,241,0
98,2024-06-17,Mobile Phone,iOS,1,32,71,81,81
99,2024-06-17,Set Top Box,Android,0,1,1,1,0
100,2024-06-17,Set Top Box,Android,1,2,2,2,2
101,2024-06-17,TABLETTE,Android,1,1,1,1,1
102,2024-06-17,Tablet,Android,0,16,35,39,0
103,2024-06-17,Tablet,Android,1,14,27,40,40
104,2024-06-17,Tablet,iOS,0,7,9,14,0
105,2024-06-17,Tablet,iOS,1,14,35,36,36
106,2024-06-17,Tablet,iPadOS,0,8,13,13,0
107,2024-06-17,smart-tv,,0,1,1,4,0
108,2024-06-17,smart-tv,Android,1,0,0,1,1
109,2024-06-17,smart-tv,amazon,0,0,35,97,0
110,2024-06-17,smart-tv,amazon,1,0,43,170,170
111,2024-06-17,smart-tv,apple,0,5,32,96,0
112,2024-06-17,smart-tv,apple,1,10,16,69,69
113,2024-06-17,smart-tv,arris,1,0,1,1,1
114,2024-06-17,smart-tv,askey,1,1,4,7,7
115,2024-06-17,smart-tv,changhong,0,1,1,3,0
116,2024-06-17,smart-tv,changhong,1,0,4,12,12
117,2024-06-17,smart-tv,chengdu,0,1,0,3,0
118,2024-06-17,smart-tv,chengdu,1,0,2,6,6
119,2024-06-17,smart-tv,cvt,0,0,0,1,0
120,2024-06-17,smart-tv,droidlogic,1,0,0,1,1
121,2024-06-17,smart-tv,expressluck,0,0,3,14,0
122,2024-06-17,smart-tv,expressluck,1,2,7,19,19
123,2024-06-17,smart-tv,fengmi,0,0,1,6,0
124,2024-06-17,smart-tv,fengmi,1,0,0,2,2
125,2024-06-17,smart-tv,formuler,0,0,1,2,0
126,2024-06-17,smart-tv,google,0,4,24,73,0
127,2024-06-17,smart-tv,google,1,20,36,139,139
128,2024-06-17,smart-tv,haier,0,0,1,1,0
129,2024-06-17,smart-tv,haier,1,0,1,1,1
130,2024-06-17,smart-tv,hisense,0,0,18,44,0
131,2024-06-17,smart-tv,hisense,1,4,25,71,71
132,2024-06-17,smart-tv,hkc,0,0,0,1,0
133,2024-06-17,smart-tv,hkc,1,0,1,4,4
134,2024-06-17,smart-tv,inspur,1,0,0,1,1
135,2024-06-17,smart-tv,konka,0,0,0,2,0
136,2024-06-17,smart-tv,konka,1,1,0,5,5
137,2024-06-17,smart-tv,ktc,1,0,0,1,1
138,2024-06-17,smart-tv,lg,0,0,18,62,0
139,2024-06-17,smart-tv,lg,1,9,32,79,79
140,2024-06-17,smart-tv,m043,0,1,0,1,0
141,2024-06-17,smart-tv,m043,1,0,0,1,1
142,2024-06-17,smart-tv,mediatek,1,0,0,2,2
143,2024-06-17,smart-tv,mtc,0,0,1,3,0
144,2024-06-17,smart-tv,mtc,1,0,2,9,9
145,2024-06-17,smart-tv,my,0,2,3,10,0
146,2024-06-17,smart-tv,my,1,1,7,22,22
147,2024-06-17,smart-tv,nvidia,0,0,1,2,0
148,2024-06-17,smart-tv,nvidia,1,2,5,18,18
149,2024-06-17,smart-tv,other,0,0,1,5,0
150,2024-06-17,smart-tv,other,1,0,0,2,2
151,2024-06-17,smart-tv,panasonic,1,0,0,1,1
152,2024-06-17,smart-tv,philips,0,0,1,4,0
153,2024-06-17,smart-tv,philips,1,1,6,13,13
154,2024-06-17,smart-tv,realtek,0,0,0,1,0
155,2024-06-17,smart-tv,samsung,0,16,99,198,0
156,2024-06-17,smart-tv,samsung,1,30,92,276,276
157,2024-06-17,smart-tv,scbc,0,0,0,1,0
158,2024-06-17,smart-tv,scbc,1,1,2,8,8
159,2024-06-17,smart-tv,sdmc,1,0,1,4,4
160,2024-06-17,smart-tv,sei,0,1,0,2,0
161,2024-06-17,smart-tv,sei,1,0,1,3,3
162,2024-06-17,smart-tv,sharp,0,0,0,4,0
163,2024-06-17,smart-tv,sharp,1,1,1,6,6
164,2024-06-17,smart-tv,skyworth,1,1,0,2,2
165,2024-06-17,smart-tv,skyworthdigital,0,0,1,2,0
166,2024-06-17,smart-tv,skyworthdigital,1,1,2,13,13
167,2024-06-17,smart-tv,smartphone,1,0,0,1,1
168,2024-06-17,smart-tv,smarttv,1,0,0,1,1
169,2024-06-17,smart-tv,sony,0,1,9,26,0
170,2024-06-17,smart-tv,sony,1,8,12,48,48
171,2024-06-17,smart-tv,tcl,0,2,21,61,0
172,2024-06-17,smart-tv,tcl,1,12,50,143,143
173,2024-06-17,smart-tv,technicolor,0,0,0,1,0
174,2024-06-17,smart-tv,tpv,0,1,2,14,0
175,2024-06-17,smart-tv,tpv,1,4,9,26,26
176,2024-06-17,smart-tv,vestel,0,0,2,2,0
177,2024-06-17,smart-tv,vestel,1,1,2,10,10
178,2024-06-17,smart-tv,vs,0,0,0,1,0
179,2024-06-17,smart-tv,vs,1,0,0,1,1
180,2024-06-17,smart-tv,xgimi,0,1,1,4,0
181,2024-06-17,smart-tv,xgimi,1,0,0,5,5
182,2024-06-17,smart-tv,xiaomi,0,9,18,48,0
183,2024-06-17,smart-tv,xiaomi,1,9,33,102,102
184,2024-06-17,smart-tv,zte,1,0,0,3,3
185,2024-06-18,Desktop,Android,1,1,1,1,1
186,2024-06-18,Desktop,Linux,0,1,4,4,0
187,2024-06-18,Desktop,Linux,1,1,1,1,1
188,2024-06-18,Desktop,Windows,0,40,61,63,0
189,2024-06-18,Desktop,Windows,1,77,111,118,118
190,2024-06-18,Desktop,macOS,0,10,19,19,0
191,2024-06-18,Desktop,macOS,1,24,31,31,31
192,2024-06-18,Mobile Phone,Android,0,173,329,349,0
193,2024-06-18,Mobile Phone,Android,1,180,311,347,347
194,2024-06-18,Mobile Phone,iOS,0,99,156,162,0
195,2024-06-18,Mobile Phone,iOS,1,103,208,227,227
196,2024-06-18,TABLET,Android,0,1,1,1,0
197,2024-06-18,Tablet,Android,0,26,39,42,0
198,2024-06-18,Tablet,Android,1,55,97,105,105
199,2024-06-18,Tablet,iOS,0,4,8,8,0
200,2024-06-18,Tablet,iOS,1,52,106,116,116
201,2024-06-18,Tablet,iPadOS,0,4,5,5,0
202,2024-06-18,smart-tv,Android,0,0,1,1,0
203,2024-06-18,smart-tv,amazon,0,1,40,125,0
204,2024-06-18,smart-tv,amazon,1,2,40,122,122
205,2024-06-18,smart-tv,apple,0,28,58,145,0
206,2024-06-18,smart-tv,apple,1,6,19,51,51
207,2024-06-18,smart-tv,askey,0,1,1,2,0
208,2024-06-18,smart-tv,askey,1,0,1,3,3
209,2024-06-18,smart-tv,changhong,0,0,2,7,0
210,2024-06-18,smart-tv,changhong,1,0,1,4,4
211,2024-06-18,smart-tv,expressluck,0,1,13,23,0
212,2024-06-18,smart-tv,expressluck,1,1,4,9,9
213,2024-06-18,smart-tv,fengmi,0,0,0,2,0
214,2024-06-18,smart-tv,formuler,0,0,2,5,0
215,2024-06-18,smart-tv,google,0,7,42,96,0
216,2024-06-18,smart-tv,google,1,16,27,99,99
217,2024-06-18,smart-tv,haier,0,0,0,1,0
218,2024-06-18,smart-tv,hisense,0,0,23,52,0
219,2024-06-18,smart-tv,hisense,1,2,15,46,46
220,2024-06-18,smart-tv,hkc,0,0,0,4,0
221,2024-06-18,smart-tv,infomir,0,0,0,1,0
222,2024-06-18,smart-tv,jiuzhou,1,0,0,1,1
223,2024-06-18,smart-tv,konka,0,1,1,4,0
224,2024-06-18,smart-tv,konka,1,1,0,5,5
225,2024-06-18,smart-tv,ktc,0,0,0,1,0
226,2024-06-18,smart-tv,lg,0,4,42,91,0
227,2024-06-18,smart-tv,lg,1,3,7,48,48
228,2024-06-18,smart-tv,m043,1,2,0,2,2
229,2024-06-18,smart-tv,mtc,0,0,0,2,0
230,2024-06-18,smart-tv,mtc,1,0,0,11,11
231,2024-06-18,smart-tv,mtk,0,0,0,1,0
232,2024-06-18,smart-tv,my,0,0,7,15,0
233,2024-06-18,smart-tv,my,1,0,3,11,11
234,2024-06-18,smart-tv,nvidia,0,0,3,11,0
235,2024-06-18,smart-tv,nvidia,1,0,1,4,4
236,2024-06-18,smart-tv,other,0,0,2,4,0
237,2024-06-18,smart-tv,other,1,0,2,3,3
238,2024-06-18,smart-tv,panasonic,0,0,1,1,0
239,2024-06-18,smart-tv,philips,0,3,4,13,0
240,2024-06-18,smart-tv,philips,1,2,1,10,10
241,2024-06-18,smart-tv,samsung,0,15,102,243,0
242,2024-06-18,smart-tv,samsung,1,17,53,179,179
243,2024-06-18,smart-tv,scbc,0,0,0,1,0
244,2024-06-18,smart-tv,scbc,1,0,3,5,5
245,2024-06-18,smart-tv,sdmc,0,2,5,13,0
246,2024-06-18,smart-tv,sei,1,1,0,3,3
247,2024-06-18,smart-tv,sharp,0,0,2,4,0
248,2024-06-18,smart-tv,sharp,1,0,0,3,3
249,2024-06-18,smart-tv,skyworth,0,0,0,1,0
250,2024-06-18,smart-tv,skyworth,1,0,0,2,2
251,2024-06-18,smart-tv,skyworthdigital,0,0,0,2,0
252,2024-06-18,smart-tv,skyworthdigital,1,0,0,5,5
253,2024-06-18,smart-tv,smartphone,1,0,0,1,1
254,2024-06-18,smart-tv,sony,0,1,12,26,0
255,2024-06-18,smart-tv,sony,1,0,2,17,17
256,2024-06-18,smart-tv,tcl,0,8,39,105,0
257,2024-06-18,smart-tv,tcl,1,9,26,81,81
258,2024-06-18,smart-tv,tds,0,1,0,1,0
259,2024-06-18,smart-tv,technicolor,1,0,1,1,1
260,2024-06-18,smart-tv,tpv,0,2,7,22,0
261,2024-06-18,smart-tv,tpv,1,2,3,14,14
262,2024-06-18,smart-tv,vestel,0,1,3,6,0
263,2024-06-18,smart-tv,vestel,1,0,2,6,6
264,2024-06-18,smart-tv,xgimi,0,0,0,1,0
265,2024-06-18,smart-tv,xgimi,1,0,1,4,4
266,2024-06-18,smart-tv,xiaomi,0,6,24,61,0
267,2024-06-18,smart-tv,xiaomi,1,3,13,36,36
268,2024-06-19,DESKTOP,Android,0,0,1,1,0
269,2024-06-19,Desktop,Android,1,1,1,1,1
270,2024-06-19,Desktop,Chrome OS,0,1,2,2,0
271,2024-06-19,Desktop,Chrome OS,1,0,1,1,1
272,2024-06-19,Desktop,Linux,0,3,7,7,0
273,2024-06-19,Desktop,Windows,0,97,133,136,0
274,2024-06-19,Desktop,Windows,1,53,78,87,87
275,2024-06-19,Desktop,macOS,0,21,37,38,0
276,2024-06-19,Desktop,macOS,1,10,20,22,22
277,2024-06-19,Media Player,iOS,0,0,1,1,0
278,2024-06-19,Mobile Phone,Android,0,250,496,511,0
279,2024-06-19,Mobile Phone,Android,1,198,292,316,316
280,2024-06-19,Mobile Phone,iOS,0,176,267,271,0
281,2024-06-19,Mobile Phone,iOS,1,121,212,231,231
282,2024-06-19,Set Top Box,Android,1,1,1,1,1
283,2024-06-19,Tablet,Android,0,24,52,55,0
284,2024-06-19,Tablet,Android,1,37,66,75,75
285,2024-06-19,Tablet,iOS,0,7,14,14,0
286,2024-06-19,Tablet,iOS,1,46,78,86,86
287,2024-06-19,Tablet,iPadOS,0,16,20,20,0
288,2024-06-19,Tablet,iPadOS,1,2,3,3,3
289,2024-06-19,smart-tv,,0,0,1,2,0
290,2024-06-19,smart-tv,Android,1,0,0,1,1
291,2024-06-19,smart-tv,allwinner,1,0,1,1,1
292,2024-06-19,smart-tv,amazon,0,0,23,75,0
293,2024-06-19,smart-tv,amazon,1,5,47,127,127
294,2024-06-19,smart-tv,amino,0,0,1,1,0
295,2024-06-19,smart-tv,apple,0,7,37,104,0
296,2024-06-19,smart-tv,apple,1,10,19,54,54
297,2024-06-19,smart-tv,askey,0,0,1,1,0
298,2024-06-19,smart-tv,askey,1,0,2,5,5
299,2024-06-19,smart-tv,changhong,0,0,1,2,0
300,2024-06-19,smart-tv,changhong,1,0,1,5,5
301,2024-06-19,smart-tv,chengdu,1,0,0,1,1
302,2024-06-19,smart-tv,expressluck,0,2,2,11,0
303,2024-06-19,smart-tv,expressluck,1,2,8,12,12
304,2024-06-19,smart-tv,fengmi,1,0,0,1,1
305,2024-06-19,smart-tv,formuler,0,0,1,2,0
306,2024-06-19,smart-tv,google,0,8,19,65,0
307,2024-06-19,smart-tv,google,1,14,41,111,111
308,2024-06-19,smart-tv,hisense,0,2,22,35,0
309,2024-06-19,smart-tv,hisense,1,1,11,52,52
310,2024-06-19,smart-tv,hkc,1,0,2,2,2
311,2024-06-19,smart-tv,jiuzhou,1,0,0,1,1
312,2024-06-19,smart-tv,konka,0,0,0,2,0
313,2024-06-19,smart-tv,konka,1,1,1,3,3
314,2024-06-19,smart-tv,lg,0,4,29,61,0
315,2024-06-19,smart-tv,lg,1,7,25,73,73
316,2024-06-19,smart-tv,mtc,0,1,0,6,0
317,2024-06-19,smart-tv,mtc,1,2,2,9,9
318,2024-06-19,smart-tv,my,0,0,4,6,0
319,2024-06-19,smart-tv,my,1,0,2,13,13
320,2024-06-19,smart-tv,nvidia,0,0,1,3,0
321,2024-06-19,smart-tv,nvidia,1,0,0,3,3
322,2024-06-19,smart-tv,onn,0,0,0,1,0
323,2024-06-19,smart-tv,onn,1,0,0,1,1
324,2024-06-19,smart-tv,philips,0,2,4,6,0
325,2024-06-19,smart-tv,philips,1,1,6,15,15
326,2024-06-19,smart-tv,samsung,0,19,101,202,0
327,2024-06-19,smart-tv,samsung,1,18,75,201,201
328,2024-06-19,smart-tv,scbc,1,0,1,5,5
329,2024-06-19,smart-tv,sdmc,0,1,2,4,0
330,2024-06-19,smart-tv,sdmc,1,0,0,3,3
331,2024-06-19,smart-tv,sei,0,0,0,1,0
332,2024-06-19,smart-tv,sei,1,0,1,2,2
333,2024-06-19,smart-tv,sharp,0,0,2,3,0
334,2024-06-19,smart-tv,sharp,1,0,3,5,5
335,2024-06-19,smart-tv,skyworth,1,0,0,1,1
336,2024-06-19,smart-tv,skyworthdigital,0,0,1,4,0
337,2024-06-19,smart-tv,skyworthdigital,1,1,1,5,5
338,2024-06-19,smart-tv,sony,0,1,5,17,0
339,2024-06-19,smart-tv,sony,1,1,9,27,27
340,2024-06-19,smart-tv,tcl,0,6,21,58,0
341,2024-06-19,smart-tv,tcl,1,8,26,86,86
342,2024-06-19,smart-tv,technicolor,1,0,1,2,2
343,2024-06-19,smart-tv,tpv,0,3,3,11,0
344,2024-06-19,smart-tv,tpv,1,2,9,17,17
345,2024-06-19,smart-tv,vestel,0,0,1,3,0
346,2024-06-19,smart-tv,vestel,1,1,0,7,7
347,2024-06-19,smart-tv,xgimi,1,2,0,2,2
348,2024-06-19,smart-tv,xiaomi,0,4,14,46,0
349,2024-06-19,smart-tv,xiaomi,1,8,17,53,53
350,2024-06-19,smart-tv,zte,0,0,1,3,0
351,2024-06-20,DESKTOP,Android,0,0,2,2,0
352,2024-06-20,Desktop,Android,1,1,1,1,1
353,2024-06-20,Desktop,Chrome OS,1,2,5,5,5
354,2024-06-20,Desktop,Linux,0,6,9,9,0
355,2024-06-20,Desktop,Linux,1,0,0,1,1
356,2024-06-20,Desktop,Windows,0,108,188,198,0
357,2024-06-20,Desktop,Windows,1,100,162,178,178
358,2024-06-20,Desktop,macOS,0,25,54,55,0
359,2024-06-20,Desktop,macOS,1,39,56,64,64
360,2024-06-20,Mobile Phone,Android,0,400,863,911,0
361,2024-06-20,Mobile Phone,Android,1,333,560,634,634
362,2024-06-20,Mobile Phone,iOS,0,255,428,434,0
363,2024-06-20,Mobile Phone,iOS,1,192,367,399,399
364,2024-06-20,SMARTPHONE,Android,0,0,0,1,0
365,2024-06-20,Set Top Box,Android,1,3,2,5,5
366,2024-06-20,TABLET,Android,0,0,0,1,0
367,2024-06-20,TABLETTE,Android,1,1,2,2,2
368,2024-06-20,Tablet,Android,0,54,82,89,0
369,2024-06-20,Tablet,Android,1,78,136,156,156
370,2024-06-20,Tablet,iOS,0,7,11,12,0
371,2024-06-20,Tablet,iOS,1,93,175,188,188
372,2024-06-20,Tablet,iPadOS,0,23,36,36,0
373,2024-06-20,Tablet,iPadOS,1,1,1,1,1
374,2024-06-20,smart-tv,amazon,0,0,1,4,0
375,2024-06-20,smart-tv,amazon,1,0,7,21,21
376,2024-06-20,smart-tv,apple,0,1,0,4,0
377,2024-06-20,smart-tv,apple,1,1,3,9,9
378,2024-06-20,smart-tv,expressluck,1,0,1,2,2
379,2024-06-20,smart-tv,fengmi,0,0,0,1,0
380,2024-06-20,smart-tv,formuler,1,0,0,1,1
381,2024-06-20,smart-tv,google,0,0,3,4,0
382,2024-06-20,smart-tv,google,1,0,4,16,16
383,2024-06-20,smart-tv,hisense,0,0,1,2,0
384,2024-06-20,smart-tv,hisense,1,0,2,6,6
385,2024-06-20,smart-tv,konka,1,0,1,2,2
386,2024-06-20,smart-tv,ktc,1,0,0,1,1
387,2024-06-20,smart-tv,lg,0,0,1,2,0
388,2024-06-20,smart-tv,lg,1,0,2,7,7
389,2024-06-20,smart-tv,mtc,0,0,0,1,0
390,2024-06-20,smart-tv,mtc,1,0,1,1,1
391,2024-06-20,smart-tv,my,0,0,1,1,0
392,2024-06-20,smart-tv,my,1,0,0,7,7
393,2024-06-20,smart-tv,philips,1,0,2,3,3
394,2024-06-20,smart-tv,samsung,0,1,4,11,0
395,2024-06-20,smart-tv,samsung,1,3,7,24,24
396,2024-06-20,smart-tv,scbc,1,0,0,1,1
397,2024-06-20,smart-tv,sharp,1,0,1,1,1
398,2024-06-20,smart-tv,skyworthdigital,0,0,0,2,0
399,2024-06-20,smart-tv,sony,1,0,0,2,2
400,2024-06-20,smart-tv,tcl,0,0,0,3,0
401,2024-06-20,smart-tv,tcl,1,0,5,17,17
402,2024-06-20,smart-tv,technicolor,1,0,1,1,1
403,2024-06-20,smart-tv,tpv,1,0,2,6,6
404,2024-06-20,smart-tv,xiaomi,1,0,2,5,5
405,2024-06-21,DESKTOP,Android,0,0,1,1,0
406,2024-06-21,Desktop,Chrome OS,0,1,2,3,0
407,2024-06-21,Desktop,Chrome OS,1,1,2,2,2
408,2024-06-21,Desktop,Linux,0,0,2,3,0
409,2024-06-21,Desktop,Linux,1,0,2,2,2
410,2024-06-21,Desktop,Windows,0,75,121,126,0
411,2024-06-21,Desktop,Windows,1,46,67,69,69
412,2024-06-21,Desktop,macOS,0,9,22,35,0
413,2024-06-21,Desktop,macOS,1,17,25,25,25
414,2024-06-21,Media Player,iOS,1,1,1,1,1
415,2024-06-21,Mobile Phone,Android,0,278,541,593,0
416,2024-06-21,Mobile Phone,Android,1,168,265,302,302
417,2024-06-21,Mobile Phone,iOS,0,129,240,261,0
418,2024-06-21,Mobile Phone,iOS,1,80,126,151,151
419,2024-06-21,TABLET,Android,0,0,0,1,0
420,2024-06-21,TABLETTE,Android,1,2,2,2,2
421,2024-06-21,Tablet,Android,0,42,70,77,0
422,2024-06-21,Tablet,Android,1,37,82,91,91
423,2024-06-21,Tablet,iOS,0,8,12,13,0
424,2024-06-21,Tablet,iOS,1,36,67,78,78
425,2024-06-21,Tablet,iPadOS,0,10,16,18,0
426,2024-06-21,smart-tv,,0,0,1,2,0
427,2024-06-21,smart-tv,amazon,0,0,32,80,0
428,2024-06-21,smart-tv,amazon,1,2,39,124,124
429,2024-06-21,smart-tv,apple,0,14,39,85,0
430,2024-06-21,smart-tv,apple,1,9,20,58,58
431,2024-06-21,smart-tv,arris,1,0,0,1,1
432,2024-06-21,smart-tv,askey,0,0,1,2,0
433,2024-06-21,smart-tv,askey,1,0,1,2,2
434,2024-06-21,smart-tv,changhong,0,0,1,3,0
435,2024-06-21,smart-tv,changhong,1,0,2,6,6
436,2024-06-21,smart-tv,expressluck,0,0,4,7,0
437,2024-06-21,smart-tv,expressluck,1,7,13,37,37
438,2024-06-21,smart-tv,fengmi,1,1,1,2,2
439,2024-06-21,smart-tv,formuler,0,0,1,1,0
440,2024-06-21,smart-tv,formuler,1,0,2,2,2
441,2024-06-21,smart-tv,google,0,9,20,55,0
442,2024-06-21,smart-tv,google,1,10,43,111,111
443,2024-06-21,smart-tv,hisense,0,1,15,40,0
444,2024-06-21,smart-tv,hisense,1,4,30,70,70
445,2024-06-21,smart-tv,hkc,1,0,2,4,4
446,2024-06-21,smart-tv,jiuzhou,0,0,0,1,0
447,2024-06-21,smart-tv,jiuzhou,1,0,0,3,3
448,2024-06-21,smart-tv,konka,0,0,0,1,0
449,2024-06-21,smart-tv,konka,1,0,1,5,5
450,2024-06-21,smart-tv,lg,0,6,15,43,0
451,2024-06-21,smart-tv,lg,1,4,27,68,68
452,2024-06-21,smart-tv,m043,1,1,0,1,1
453,2024-06-21,smart-tv,mediatek,1,0,0,1,1
454,2024-06-21,smart-tv,mtc,0,0,1,7,0
455,2024-06-21,smart-tv,mtc,1,2,2,6,6
456,2024-06-21,smart-tv,my,0,2,4,9,0
457,2024-06-21,smart-tv,my,1,0,2,11,11
458,2024-06-21,smart-tv,nvidia,0,0,2,3,0
459,2024-06-21,smart-tv,nvidia,1,0,1,5,5
460,2024-06-21,smart-tv,other,0,0,2,2,0
461,2024-06-21,smart-tv,other,1,0,0,1,1
462,2024-06-21,smart-tv,philips,0,1,2,7,0
463,2024-06-21,smart-tv,philips,1,1,10,22,22
464,2024-06-21,smart-tv,sagemcom,1,0,1,1,1
465,2024-06-21,smart-tv,samsung,0,19,86,161,0
466,2024-06-21,smart-tv,samsung,1,32,101,253,253
467,2024-06-21,smart-tv,scbc,0,0,1,2,0
468,2024-06-21,smart-tv,scbc,1,0,1,5,5
469,2024-06-21,smart-tv,sdmc,0,0,1,1,0
470,2024-06-21,smart-tv,sdmc,1,0,2,3,3
471,2024-06-21,smart-tv,sei,1,2,3,6,6
472,2024-06-21,smart-tv,sharp,0,0,0,1,0
473,2024-06-21,smart-tv,sharp,1,0,1,1,1
474,2024-06-21,smart-tv,skyworth,0,0,0,1,0
475,2024-06-21,smart-tv,skyworthdigital,0,1,1,3,0
476,2024-06-21,smart-tv,skyworthdigital,1,2,2,7,7
477,2024-06-21,smart-tv,smartphone,0,0,0,1,0
478,2024-06-21,smart-tv,sony,0,3,5,18,0
479,2024-06-21,smart-tv,sony,1,4,8,27,27
480,2024-06-21,smart-tv,tcl,0,7,25,65,0
481,2024-06-21,smart-tv,tcl,1,10,28,89,89
482,2024-06-21,smart-tv,technicolor,0,0,0,1,0
483,2024-06-21,smart-tv,technicolor,1,0,1,1,1
484,2024-06-21,smart-tv,tpv,0,1,4,10,0
485,2024-06-21,smart-tv,tpv,1,3,3,17,17
486,2024-06-21,smart-tv,vestel,0,0,1,1,0
487,2024-06-21,smart-tv,vestel,1,2,0,5,5
488,2024-06-21,smart-tv,xgimi,0,0,0,2,0
489,2024-06-21,smart-tv,xgimi,1,0,0,1,1
490,2024-06-21,smart-tv,xiaomi,0,3,10,33,0
491,2024-06-21,smart-tv,xiaomi,1,7,13,54,54
492,2024-06-21,smart-tv,zte,0,0,1,1,0
493,2024-06-21,smart-tv,zvt,0,0,0,1,0
494,2024-06-22,DESKTOP,Android,1,1,1,1,1
495,2024-06-22,Desktop,Android,1,0,0,1,1
496,2024-06-22,Desktop,Chrome OS,0,0,0,1,0
497,2024-06-22,Desktop,Chrome OS,1,2,3,3,3
498,2024-06-22,Desktop,Linux,0,3,5,7,0
499,2024-06-22,Desktop,Linux,1,2,2,3,3
500,2024-06-22,Desktop,Windows,0,69,96,102,0
501,2024-06-22,Desktop,Windows,1,46,77,91,91
502,2024-06-22,Desktop,macOS,0,15,22,25,0
503,2024-06-22,Desktop,macOS,1,18,20,22,22
504,2024-06-22,Mobile Phone,Android,0,188,378,451,0
505,2024-06-22,Mobile Phone,Android,1,247,364,426,426
506,2024-06-22,Mobile Phone,iOS,0,81,200,220,0
507,2024-06-22,Mobile Phone,iOS,1,64,117,130,130
508,2024-06-22,Single-board Computer,Android,1,0,1,1,1
509,2024-06-22,TABLETTE,Android,1,2,3,3,3
510,2024-06-22,Tablet,Android,0,27,47,50,0
511,2024-06-22,Tablet,Android,1,64,96,114,114
512,2024-06-22,Tablet,iOS,0,13,13,16,0
513,2024-06-22,Tablet,iOS,1,28,52,65,65
514,2024-06-22,Tablet,iPadOS,0,4,10,13,0
515,2024-06-22,Tablet,iPadOS,1,0,1,1,1
516,2024-06-22,smart-tv,,0,1,2,2,0
517,2024-06-22,smart-tv,allwinner,1,0,1,1,1
518,2024-06-22,smart-tv,amazon,0,0,36,91,0
519,2024-06-22,smart-tv,amazon,1,3,55,121,121
520,2024-06-22,smart-tv,apple,0,18,60,117,0
521,2024-06-22,smart-tv,apple,1,8,25,44,44
522,2024-06-22,smart-tv,arris,0,0,1,1,0
523,2024-06-22,smart-tv,arris,1,0,0,1,1
524,2024-06-22,smart-tv,askey,1,0,2,2,2
525,2024-06-22,smart-tv,changhong,0,0,3,4,0
526,2024-06-22,smart-tv,chengdu,1,0,0,1,1
527,2024-06-22,smart-tv,expressluck,0,1,4,15,0
528,2024-06-22,smart-tv,expressluck,1,2,7,15,15
529,2024-06-22,smart-tv,fengmi,0,0,0,1,0
530,2024-06-22,smart-tv,fengmi,1,0,1,1,1
531,2024-06-22,smart-tv,formuler,0,0,1,1,0
532,2024-06-22,smart-tv,formuler,1,0,1,1,1
533,2024-06-22,smart-tv,google,0,8,30,79,0
534,2024-06-22,smart-tv,google,1,17,46,107,107
535,2024-06-22,smart-tv,hisense,0,0,23,39,0
536,2024-06-22,smart-tv,hisense,1,1,18,49,49
537,2024-06-22,smart-tv,hisilicon,1,0,1,1,1
538,2024-06-22,smart-tv,hkc,0,0,0,1,0
539,2024-06-22,smart-tv,konka,0,0,3,4,0
540,2024-06-22,smart-tv,konka,1,1,0,2,2
541,2024-06-22,smart-tv,lg,0,2,23,55,0
542,2024-06-22,smart-tv,lg,1,4,34,72,72
543,2024-06-22,smart-tv,mediatek,0,0,0,1,0
544,2024-06-22,smart-tv,mediatek,1,0,0,2,2
545,2024-06-22,smart-tv,mtc,0,0,3,8,0
546,2024-06-22,smart-tv,mtc,1,1,3,5,5
547,2024-06-22,smart-tv,my,0,0,5,9,0
548,2024-06-22,smart-tv,my,1,2,8,16,16
549,2024-06-22,smart-tv,nvidia,0,0,1,3,0
550,2024-06-22,smart-tv,nvidia,1,2,3,4,4
551,2024-06-22,smart-tv,onn,0,0,1,1,0
552,2024-06-22,smart-tv,other,0,0,1,2,0
553,2024-06-22,smart-tv,other,1,0,1,2,2
554,2024-06-22,smart-tv,panasonic,0,0,0,1,0
555,2024-06-22,smart-tv,philips,0,0,1,10,0
556,2024-06-22,smart-tv,philips,1,3,4,9,9
557,2024-06-22,smart-tv,samsung,0,24,113,209,0
558,2024-06-22,smart-tv,samsung,1,33,72,183,183
559,2024-06-22,smart-tv,scbc,1,1,1,1,1
560,2024-06-22,smart-tv,sdmc,0,0,1,1,0
561,2024-06-22,smart-tv,sdmc,1,0,0,2,2
562,2024-06-22,smart-tv,sei,0,0,0,1,0
563,2024-06-22,smart-tv,sei,1,0,0,2,2
564,2024-06-22,smart-tv,sharp,0,0,1,3,0
565,2024-06-22,smart-tv,sharp,1,0,3,6,6
566,2024-06-22,smart-tv,skyworthdigital,0,0,2,3,0
567,2024-06-22,smart-tv,skyworthdigital,1,0,3,7,7
568,2024-06-22,smart-tv,smartphone,1,0,0,1,1
569,2024-06-22,smart-tv,sony,0,0,4,17,0
570,2024-06-22,smart-tv,sony,1,4,6,26,26
571,2024-06-22,smart-tv,tcl,0,2,37,81,0
572,2024-06-22,smart-tv,tcl,1,10,36,80,80
573,2024-06-22,smart-tv,technicolor,0,0,0,1,0
574,2024-06-22,smart-tv,technicolor,1,0,1,2,2
575,2024-06-22,smart-tv,tpv,0,4,7,20,0
576,2024-06-22,smart-tv,tpv,1,1,7,17,17
577,2024-06-22,smart-tv,vestel,0,0,0,2,0
578,2024-06-22,smart-tv,vestel,1,0,3,9,9
579,2024-06-22,smart-tv,vs,1,1,1,2,2
580,2024-06-22,smart-tv,xgimi,0,0,1,2,0
581,2024-06-22,smart-tv,xgimi,1,0,0,4,4
582,2024-06-22,smart-tv,xiaomi,0,6,16,45,0
583,2024-06-22,smart-tv,xiaomi,1,7,26,61,61
584,2024-06-22,smart-tv,zte,0,0,0,1,0
585,2024-06-22,smart-tv,zvt,0,0,0,4,0
586,2024-06-23,Desktop,Chrome OS,0,2,4,4,0
587,2024-06-23,Desktop,Linux,0,2,4,4,0
588,2024-06-23,Desktop,Linux,1,0,1,1,1
589,2024-06-23,Desktop,Windows,0,99,136,142,0
590,2024-06-23,Desktop,Windows,1,18,24,24,24
591,2024-06-23,Desktop,macOS,0,30,43,45,0
592,2024-06-23,Desktop,macOS,1,1,5,5,5
593,2024-06-23,Mobile Phone,Android,0,367,577,615,0
594,2024-06-23,Mobile Phone,Android,1,79,123,135,135
595,2024-06-23,Mobile Phone,iOS,0,190,285,292,0
596,2024-06-23,Mobile Phone,iOS,1,22,35,39,39
597,2024-06-23,TABLET,Android,0,1,2,2,0
598,2024-06-23,Tablet,Android,0,28,47,51,0
599,2024-06-23,Tablet,Android,1,10,19,21,21
600,2024-06-23,Tablet,iOS,0,9,14,15,0
601,2024-06-23,Tablet,iOS,1,12,14,19,19
602,2024-06-23,Tablet,iPadOS,0,11,19,20,0
603,2024-06-23,smart-tv,amazon,0,1,24,76,0
604,2024-06-23,smart-tv,amazon,1,1,77,191,191
605,2024-06-23,smart-tv,apple,0,13,51,102,0
606,2024-06-23,smart-tv,apple,1,8,32,90,90
607,2024-06-23,smart-tv,arris,1,0,0,1,1
608,2024-06-23,smart-tv,askey,1,0,0,2,2
609,2024-06-23,smart-tv,changhong,0,1,2,7,0
610,2024-06-23,smart-tv,changhong,1,2,6,16,16
611,2024-06-23,smart-tv,chengdu,0,0,0,1,0
612,2024-06-23,smart-tv,chengdu,1,0,0,3,3
613,2024-06-23,smart-tv,expressluck,0,0,6,13,0
614,2024-06-23,smart-tv,expressluck,1,1,11,24,24
615,2024-06-23,smart-tv,fengmi,1,0,0,1,1
616,2024-06-23,smart-tv,formuler,1,0,1,1,1
617,2024-06-23,smart-tv,google,0,1,16,36,0
618,2024-06-23,smart-tv,google,1,33,79,219,219
619,2024-06-23,smart-tv,hisense,0,1,25,39,0
620,2024-06-23,smart-tv,hisense,1,3,42,90,90
621,2024-06-23,smart-tv,hisilicon,1,0,0,2,2
622,2024-06-23,smart-tv,hkc,1,0,0,1,1
623,2024-06-23,smart-tv,jiuzhou,1,0,2,2,2
624,2024-06-23,smart-tv,konka,0,0,1,2,0
625,2024-06-23,smart-tv,konka,1,0,3,7,7
626,2024-06-23,smart-tv,ktc,0,0,1,1,0
627,2024-06-23,smart-tv,ktc,1,0,0,1,1
628,2024-06-23,smart-tv,lg,0,3,15,36,0
629,2024-06-23,smart-tv,lg,1,12,50,113,113
630,2024-06-23,smart-tv,mediatek,1,0,1,1,1
631,2024-06-23,smart-tv,mtc,0,0,4,7,0
632,2024-06-23,smart-tv,mtc,1,1,3,9,9
633,2024-06-23,smart-tv,my,0,0,9,9,0
634,2024-06-23,smart-tv,my,1,0,13,27,27
635,2024-06-23,smart-tv,nvidia,0,1,2,5,0
636,2024-06-23,smart-tv,nvidia,1,0,3,8,8
637,2024-06-23,smart-tv,other,1,0,0,3,3
638,2024-06-23,smart-tv,panasonic,0,1,0,1,0
639,2024-06-23,smart-tv,philips,0,1,5,10,0
640,2024-06-23,smart-tv,philips,1,1,9,25,25
641,2024-06-23,smart-tv,samsung,0,16,73,139,0
642,2024-06-23,smart-tv,samsung,1,42,100,283,283
643,2024-06-23,smart-tv,scbc,0,0,0,1,0
644,2024-06-23,smart-tv,scbc,1,0,0,3,3
645,2024-06-23,smart-tv,sdmc,0,0,0,1,0
646,2024-06-23,smart-tv,sdmc,1,0,2,4,4
647,2024-06-23,smart-tv,sei,1,0,3,5,5
648,2024-06-23,smart-tv,sharp,1,0,3,7,7
649,2024-06-23,smart-tv,skyworth,1,1,0,5,5
650,2024-06-23,smart-tv,skyworthdigital,0,0,1,2,0
651,2024-06-23,smart-tv,skyworthdigital,1,3,1,8,8
652,2024-06-23,smart-tv,smartphone,1,0,0,1,1
653,2024-06-23,smart-tv,smarttv,1,0,1,1,1
654,2024-06-23,smart-tv,sony,0,1,5,16,0
655,2024-06-23,smart-tv,sony,1,3,13,37,37
656,2024-06-23,smart-tv,tcl,0,2,31,64,0
657,2024-06-23,smart-tv,tcl,1,24,62,151,151
658,2024-06-23,smart-tv,technicolor,1,0,4,7,7
659,2024-06-23,smart-tv,tpv,0,2,3,11,0
660,2024-06-23,smart-tv,tpv,1,4,7,31,31
661,2024-06-23,smart-tv,vestel,0,0,2,3,0
662,2024-06-23,smart-tv,vestel,1,0,5,10,10
663,2024-06-23,smart-tv,xgimi,0,0,1,1,0
664,2024-06-23,smart-tv,xgimi,1,0,1,2,2
665,2024-06-23,smart-tv,xiaomi,0,4,11,23,0
666,2024-06-23,smart-tv,xiaomi,1,8,35,87,87
667,2024-06-23,smart-tv,zte,0,0,0,1,0
668,2024-06-23,smart-tv,zte,1,0,1,1,1
669,2024-06-23,smart-tv,zvt,0,1,0,1,0
